Baseball - 1989 - Bo Jackson home run.mp4,1
Baseball - 1989 - Ernie Whitt Grand Slam against Boston.mp4,2
Baseball - 1989 - Fernandez clutch hit.mp4,"2,3"
Baseball - 1989 - Jays Clinch East.mp4,"4,5,6"
Baseball - 1989 - Llyod Mosby Clutch Hit.mp4,7
Baseball - 1992 - Alomar Collage.mp4,8
Baseball - 1992 - Alomar home run ALCS.mp4,8
Baseball - 1992 - World Series Game 2.mp4,"6,9"
Baseball - 1992 - World Series Game 3.mp4,"11,10"
Baseball - 1992 - World Series Game 6.mp4,"12,13,14"
Baseball - 1993 - World Series Game 1.mp4,10
Baseball - 1993 - World Series Game 3.mp4,"15,16"
Baseball - 1993 - World Series Game 4.mp4,"10,17"
Baseball - 1993 - World Series Gmae 6.mp4,"15,18"
Baseball - 1996 - David Cone perfect game.mp4,12
Baseball - 1996 - LSU wins College World Series.mp4,19
Baseball - 1997 - Maguire bomb off Randy Johnson.mp4,20
Baseball - 2002 - Bonds monster Home Run.mp4,21
Baseball - 2005 - Pujos 3 run home run.mp4,22
Baseball - 2015 -  Encarnacion home run against Texas.mp4,23
Baseball - 2015 - ALCS - Game 6 - Bautista's two-run home run MLB.com.mp4,24
Baseball - 2015 - Batista first home run against KC.mp4,24
Baseball - 2015 - Batista Home run against Texas.mp4,24
Baseball - 2015 - Donlandson Walk Off.mp4,25
Baseball - 2015 - Jays clinch ALDS.mp4,26
Baseball - 2015 - KC clutch hit World Series .mp4,27
Baseball - 2015 - KC ties mets bottom off 9th.mp4,28
Baseball - 2015 - Martin home run against NYC.mp4,29
Baseball - 2015 - Tulo clutch against KC.mp4,30
Baseball - 2015 - Tulo home run against Texas.mp4,30
Baseball - 2016 - ALDS - Game 1 - Bautista's three-run home run.mp4,24
Baseball - 2016 - ALDS - Game 1 - Tulo's three-run triple.mp4,30
Baseball - 2016 - ALDS - Game 2 - Blue Jays' three-HR 5th.mp4,"23,31,32"
Baseball - 2016 - ALDS - Game 2 - Osuna locks down five-out save.mp4,26
Baseball - 2016 - ALDS - Game 2 - Tulowitzki's 402-foot homer.mp4,30
Baseball - 2016 - ALDS - Game 3 - Blue Jays homer twice in 1st inning.mp4,"23,29"
Baseball - 2016 - ALDS - walk off to win series.mp4,25
Baseball - 2016 - Batista solo shot against Seattle.mp4,24
Baseball - 2016 - Batista solo shot in wildcard game.mp4,24
Baseball - 2016 - EE walk off in wildcard game.mp4,23
Baseball - 2016 - Grilli clinches save against Baltimore.mp4,33
Baseball - 2016 - Jays three home runs in first inning.mp4,"23,24,30"
Baseball - 2016 - Jays wild pitch win vs. SD.mp4,34
Baseball - 2016 - Osuna save against Bosox - 2.mp4,26
Baseball - 2016 - Osuna save against Bosox.mp4,26
Baseball - 2016 - Storen save against Bosox.mp4,35
Baseball - 2016 - World Series - Cubs go ahead.mp4,36
Baseball - 2016 - World Series - Cubs win it.mp4,37
Baseball - 2016 - World Series - David home run.mp4,38
Basketball - 1993 - Bulls vs. Knicks.mp4,39
Basketball - 2009 - Kobe incredible shot against Phoneix.mp4,40
Basketball - 2011 - Rhondo great hussle.mp4,41
Basketball - 2012 - Lin winning shot against Raptors.mp4,42
Basketball - 2016 - Lebron James Rejection.mp4,43
Basketball - 2016 - NCAA Final 3pt to win.mp4,44
Basketball - Jordan winning shot against Cleveland.mp4,45
Basketball - Jordan winning shot against Utah.mp4,45
Boxing - 1973- Ali knocks out Foreman.mp4,46
Boxing - 1991 - Buster Douglas knocks out Mike Tyson.mp4,47
Football - 1981 - Doug Flutie Miracle.mp4,48
Hockey - 1972 - Summit Series.mp4,49
Hockey - 1982 - Gretzky - 50 goals in 39 games.mp4,50
Hockey - 1984 - Islanders beat Rangers OT.mp4,51
Hockey - 1984 - Messier goal against Rangers.mp4,52
Hockey - 1988 - Gretzky OT goal against Calgary.mp4,50
Hockey - 1991 - Mario Lemieux goal against Stars.mp4,53
Hockey - 1992 - Mario Lemieux goal against Bruins.mp4,53
Hockey - 1993 - Leafs beat Detroit in OT.mp4,54
Hockey - 2002 - Canada vs Czech.mp4,"55,56"
Hockey - 2002 - Canada vs Finland (QF).mp4,"57,58"
Hockey - 2004 - Canada vs Czech.mp4,"53,58,59"
Hockey - 2004 - Canada vs USA (Gold Medal).mp4,"57,60"
Hockey - 2009 - Canada WJ against Russia.mp4,"61,62"
Hockey - 2010 - Crosby gold medal goal.mp4,63
Hockey - 2010 - WJ Final.mp4,62
Hockey - 2014 - Canada Women vs USA.mp4,64
Hockey - 2014 - Men's gold medal game.mp4,"63,65,66"
Hockey - 2015 - WJ Gold Medal game.mp4,67
Hockey - 2016 - Canada win World Cup.mp4,"68,69"
Man United - 1999  - CLFinal.mp4,"70, 71"
Man United - 1999 - Cole York at Barcelona.mp4,72
Man United - 1999 - Giggs goal against Arsenal.mp4,73
Man United - 1999 - Liverpool FA Cup.mp4,"70,74"
Man United - 1999 - Title Clinch.mp4,"72,75"
Man United - 2004  - United 2 Arsenal 0.mp4,"76,77"
Man United - 2007 - Alan Smith against Roma.mp4,78
Man United - 2007 - OShea goal against Liverpool.mp4,79
Man United - 2007 - Ronaldo against Fullham.mp4,80
Man United - 2007 - Rooney goal against Milan.mp4,77
Man United - 2008 - CL Final.mp4,"80,73,81"
Man United - 2008 - Giggs title clincher against Wigan.mp4,73
Man United - 2008 - Hargreaves Free Kick.mp4,82
Man United - 2008 - Nani goal against Liverpool.mp4,83
Man United - 2008 - semi against Barca.mp4,84
Man United - 2008 - Tevez goal against Liverpool.mp4,85
Man United - 2008 - United 2 Arsenal 2.mp4,"77,80"
Man United - 2009 - CL semi against Arsneal - 2.mp4,80
Man United - 2009 - CL semi against Arsneal.mp4,86
Man United - 2009 - Macheda.mp4,87
Man United - 2009 - Ronaldo against Porto.mp4,80
Man United - 2010 - CL against Bayern .mp4,"83,88"
Man United - 2010 - Owens winner against city.mp4,89
Man United - 2010 - Scholes goal against City.mp4,84
Man United - 2010 - United 3 Arsenal 1.mp4,"77,83,86"
Man United - 2011 - Cheech's goal against Chelsea.mp4,90
Man United - 2011 - CL Final.mp4,"77,91"
Man United - 2011 - United 3 Chelsea 3.mp4,90
Man United - 2011 - United CL against Chelsea.mp4,77
Man United - 2011 - United Clincing Penalty.mp4,77
Man United - 2011 - United vs. Arsenal (ShaneAjai).mp4,86
Man United - 2012 - Valencia and Ashley Young.mp4,"92,93"
Man United - 2013 - CL Madrid .mp4,"83,94"
Man United - 2013 - Evra against Bayern.mp4,95
Man United - 2013 - Giggs equalizer against Benfica.mp4,73
Man United - 2013 - RVP volley.mp4,96
Man United - 2013 - United 3 City 2.mp4,"77,96"
Man United - 2015 - United 4 City 1.mp4,"93,97,98,99"
Man United - 2015 - United vs. Liverpool.mp4,98
Man United - 2016 - Lindgard goal FA Cup final.mp4,100
Soccer - 1970 - Brazil 4th goal against Italy.mp4,101
Soccer - 1970 - Gordan Banks save against Brazil.mp4,102
Soccer - 1970 - Rivellino goal against Uruguay.mp4,103
Soccer - 1982 - Brazil vs. Italy.mp4,"104,105"
Soccer - 1986 - Brazil vs. France.mp4,106
Soccer - 1986 - Burruchaga goal against Germany.mp4,107
Soccer - 1986 - John Metgod missle free kick.mp4,108
Soccer - 1986 - Maradonna goal against England.mp4,109
Soccer - 1990 -  Argentina - Italy Equalizer.mp4,110
Soccer - 1990 - Baggio goal.mp4,111
Soccer - 1990 - David Platt header against England.mp4,113
Soccer - 1998 - Owen's gol against Argentina.mp4,89
Soccer - 1998 - surging run by Ronaldo.mp4,113
Soccer - 2000 - Redondo move against United.mp4,114
Soccer - 2002 - Becks freekick against Greece.mp4,75
Soccer - 2002 - Becks penalty against Argentina.mp4,75
Soccer - 2002 - Brazil vs. England.mp4,"115,116"
Soccer - 2002 - Brazil vs. Turkey.mp4,113
Soccer - 2002 - Rivaldo goal against Belgium.mp4,115
Soccer - 2005 - Ronaldhino against Chelsea.mp4,116
Soccer - 2005 - Steven Gerrard - What a hit son.mp4,117
Soccer - 2006 - Dhino bicycle kick.mp4,116
Soccer - 2006 - WC - Italy against Germany.mp4,"118,119"
Soccer - 2006 - WC - Italy win WC.mp4,118
Soccer - 2006 - WC - Maxi Rodriguez crazy goal against Mexico.mp4,120
Soccer - 2006 - WC - RVP free kick.mp4,96
Soccer - 2007 - Arsenal Milan.mp4,"121,133"
Soccer - 2007 - Messi Getafe.mp4,122
Soccer - 2008 - Barnsley vs. Liverpool FA Cup.mp4,123
Soccer - 2009 - Chelsea Barca.mp4,"124,125"
Soccer - 2010 - Brazil Netherlands World Cup.mp4,126
Soccer - 2010 - Dempsey goal agaisnt Juventus.mp4,127
Soccer - 2010 - Eto goal against Chelsea.mp4,128
Soccer - 2010 - World Cup Final.mp4,125
Soccer - 2011 - Barca 5 Madrid 0.mp4,"129,130,91"
Soccer - 2011 - Copa Del Rey.mp4,80
Soccer - 2012 - Aguero winner against QPR.mp4,131
Soccer - 2012 - Balotelli goal vs Italy.mp4,132
Soccer - 2012 - Chelsea Barca CL semi.mp4,"133,125,134,135"
Soccer - 2012 - Chelsea CL final.mp4,136
Soccer - 2012 - Watford Leicster crazy finish.mp4,137
Soccer - 2014 - Atheltico Chelsea CL semi.mp4,"135, 138, 139, 140"
Soccer - 2014 - Bale Winner in CL Final.mp4,141
Soccer - 2014 - Holland vs. Spain.mp4,"88,96"
Soccer - 2014 - Messi against Iran.mp4,122
Soccer - 2014 - Ronaldo goal against Liverpool.mp4,80
Soccer - 2014 - WC Final.mp4,142
Soccer - 2015 - Barca 3 Bayern 0 - 2.mp4,122
Soccer - 2015 - Barca 3 Bayern 0.mp4,122
Soccer - 2015 - Barcelona City CL .mp4,"143,144"
Soccer - 2015 - CL Final.mp4,"143,144,145,146"
Soccer - 2015 - Messi against Munich.mp4,122
Soccer - 2016  - Barca 4 Madrid 0.mp4,125
Soccer - 2016 - Jordi Alba goal against Seville.mp4,147
Soccer - 2016 - Messi goal against Sporting Gijon.mp4,122
Soccer - 2016 - Messi penalty setup to Suarez.mp4,144
Soccer - 2016 - MSN goal against Arsenal.mp4,122
Soccer - 2016 - TFC win over Montreal.mp4,148
Sports - 1992 - Tuwksberry gold in Barcelona.mp4,149
Sports - 2008 - Phelps gold in Beijing.mp4,150
Sports - 2009 - Phelps WR at Rome.mp4,150
Tennis - 2007 - Federer genius against Roddick.mp4,151
Tennis - 2008 - Wimbledon Final.mp4,151
Tennis - 2009 - Federer incredible shot US open.mp4,151
Tennis - 2009 - Wimbledon Federer beats Roddick.mp4,151
Tennis - 2011 - Fed beats Joker at the French.mp4,151
Tennis - 2012 - Wimbledon Final - 2.mp4,151
Tennis - 2012 - Wimbledon Final - 3.mp4,151
Tennis - 2012 - Wimbledon Final.mp4,151
Tennis - 2013 - Murray win montage.mp4,152
Tennis - 2013 - Wimbledon Final.mp4,152
Tennis - 2015 - Federer - US Open.mp4,151
Tennis - 2015 - Federer Murray Wimbledon Semi.mp4,151
Tennis - 2015 - Murray Davis Cup Championship point.mp4,152
Tennis - 2015 - Wimbledon Tiebreak.mp4,151
Tennis - 2016 - Milos breaks Fed.mp4,153
Tennis - 2016 - Murray wins Wimbledon.mp4,152
Tennis - 2016 - Serena wins Wimbledon.mp4,154
Track and Field - 1988 -100m final.mp4,155
Track and Field - 1996 - 100m final.mp4,156
Track and Field - 1996 - 200m final.mp4,157
Track and Field - 2009 - 200m Bolt WR.mp4,158
Track and Field - 2009 - Bolt 100m WR.mp4,158
Track and Field - 2012 - 100m final.mp4,158
Track and Field - 2012 - 200m final.mp4,158
Track and Field - 2012 - 4x100.mp4,158
Track and Field - 4x100m 1996 relay.mp4,156
Man United - 2011 - Rooney bicycle kick.mp4,77
Man United - 1999 - Becks goal against Arsenal.mp4,75
